Nombre,Tipo,Ubicación,Latitud,Longitud,Precisión,Dirección,Teléfono,Fuente
Mojsa Restaurante,Restaurante turístico,"-15.8405096, -70.0275175",-15.8405096,-70.0275175,Exacta — OpenStreetMap,"Jr. Lima 635, 2do piso",(051) 363182,Directorio Cylex Perú; Directorio Wanderlog / Avalos Tours · Coordenada: © colaboradores de OpenStreetMap (ODbL).
La Casona Restaurant,Restaurante turístico,"-15.8391009, -70.0279486",-15.8391009,-70.0279486,Exacta — OpenStreetMap,Jr. Lima 423,951 608 671,Directorio Cylex Perú; Aliado de PideloPuno (pidelopuno.com) · Coordenada: © colaboradores de OpenStreetMap (ODbL).
Tulipans Restaurant,Restaurante turístico,"-15.8388064, -70.0281480",-15.8388064,-70.0281480,Exacta — OpenStreetMap,Jr. Lima 394,931 547 591,Directorio Cylex Perú · Coordenada: © colaboradores de OpenStreetMap (ODbL).
Giorgio Restaurant,Restaurante turístico,"-15.8391474, -70.0279344",-15.8391474,-70.0279344,Aproximada — interpolada en la calle,Jr. Lima 430,950 304 616,Directorio Cylex Perú · Interpolada entre 'La Casona Restaurant' (n.° 423) y 'Mojsa' (n.° 635) en OSM. Error esperado ±50 m. Coordenada: © colaboradores de OpenStreetMap (ODbL).
Tradiciones del Lago,Restaurante turístico,"-15.8392502, -70.0280670",-15.8392502,-70.0280670,Exacta — OpenStreetMap,Jr. Lima 418,(051) 368140,Directorio Cylex Perú · Coordenada: © colaboradores de OpenStreetMap (ODbL).
Restaurante Turístico Los 4 Suyos,Restaurante turístico,"-15.8384662, -70.0281437",-15.8384662,-70.0281437,Aproximada — interpolada en la calle,Jr. Lima 345,,Directorio Cylex Perú · Interpolada entre 'Colors Restaurant' (n.° 342) y 'Tulipan's' (n.° 394) en OSM. Error esperado ±50 m. Coordenada: © colaboradores de OpenStreetMap (ODbL).
Hatun Uchu,Restaurante turístico,"-15.8387404, -70.0269869",-15.8387404,-70.0269869,Aproximada — interpolada en la calle,Jr. Libertad 216,974 249 271,Directorio Cylex Perú · Interpolada entre 'La Estancia' (n.° 137) y 'Pizzeria Buho' (n.° 240) en OSM. Error esperado ±50 m. Coordenada: © colaboradores de OpenStreetMap (ODbL).
Balcones de Puno,Restaurante turístico,"-15.8389206, -70.0278322",-15.8389206,-70.0278322,Exacta — OpenStreetMap,Jr. Libertad 354,,Directorio Wanderlog / Avalos Tours · Coordenada: © colaboradores de OpenStreetMap (ODbL).
La Estancia Grill,Parrilla,"-15.8386846, -70.0262456",-15.8386846,-70.0262456,Exacta — OpenStreetMap,Jr. Libertad 137,,Directorio Wanderlog / Avalos Tours · Coordenada: © colaboradores de OpenStreetMap (ODbL).
Alma Bar Restaurante,Restaurante turístico,"Av. Sesquicentenario 1970, Puno, Perú",,,Pendiente — tomar en campo,Av. Sesquicentenario 1970,,Directorio Wanderlog / Avalos Tours
La Table del' Inca,Restaurante turístico,"-15.8420245, -70.0284314",-15.8420245,-70.0284314,Aproximada — misma cuadra que un local conocido,Jr. Ancash 239,,Directorio Wanderlog / Avalos Tours · Misma dirección que 'Sushi Ten Bento' en OSM. Coordenada: © colaboradores de OpenStreetMap (ODbL).
Colors,Restaurante turístico,"-15.8384454, -70.0281434",-15.8384454,-70.0281434,Exacta — OpenStreetMap,Jr. Lima 342,,Directorio Wanderlog / Avalos Tours · Coordenada: © colaboradores de OpenStreetMap (ODbL). OSM tiene dos puntos casi iguales (a 7 m).
VALERIA Restaurant,Restaurante turístico,"-15.8386328, -70.0281458",-15.8386328,-70.0281458,Aproximada — interpolada en la calle,Jr. Lima 369,,Directorio Wanderlog / Avalos Tours · Interpolada entre 'Colors Restaurant' (n.° 342) y 'Tulipan's' (n.° 394) en OSM. Error esperado ±50 m. Coordenada: © colaboradores de OpenStreetMap (ODbL).
Pacha Restaurante & Draft Bar,Restaurante turístico,"-15.8411110, -70.0283803",-15.8411110,-70.0283803,Exacta — OpenStreetMap,Jr. Grau 338,,Directorio Wanderlog / Avalos Tours · Coordenada: © colaboradores de OpenStreetMap (ODbL).
Las Cantutas del Lago,Restaurante turístico,"Jr. Joaquín Inclán, Puno, Perú",,,Pendiente — tomar en campo,Jr. Joaquín Inclán,,Directorio Wanderlog / Avalos Tours
Plaza Oriental Restaurant,Chifa,"Jr. Lima, Puno, Perú",,,Pendiente — tomar en campo,Jr. Lima,,Directorio Wanderlog / Avalos Tours
Los Uros,Restaurante turístico,"Isla Esteves, lago Titicaca, Puno, Perú",,,Pendiente — tomar en campo,"Isla Esteves, lago Titicaca",,Directorio Wanderlog / Avalos Tours — fuera del radio urbano
Lago de Flores,Restaurante turístico,"-15.8395865, -70.0277146",-15.8395865,-70.0277146,Exacta — OpenStreetMap,Jr. Grau 139,950 867 043,Directorio Cylex Perú · Coordenada: © colaboradores de OpenStreetMap (ODbL).
Restaurant Bahamas,Restaurante,"-15.8398730, -70.0267102",-15.8398730,-70.0267102,Exacta — OpenStreetMap,Jr. Deustua 237,(051) 205675,Directorio Cylex Perú · Coordenada: © colaboradores de OpenStreetMap (ODbL).
Restaurant Sombreritos,Restaurante,"-15.8235198, -70.0015418",-15.8235198,-70.0015418,Exacta — OpenStreetMap,Av. Sesquicentenario 1102,(051) 200296,Directorio Cylex Perú · Coordenada: © colaboradores de OpenStreetMap (ODbL).
Restaurant Arenas del Lago,Restaurante,"-15.8235198, -70.0015418",-15.8235198,-70.0015418,Aproximada — misma cuadra que un local conocido,Av. Sesquicentenario 1187,(051) 367154,Directorio Cylex Perú · Misma cuadra que 'quinta Sombreritos' (n.° 1102) en OSM. Error esperado ±80 m. Coordenada: © colaboradores de OpenStreetMap (ODbL).
El Caserío de Huaje,Campestre / recreo,"Av. Sesquicentenario 669, Puno, Perú",,,Pendiente — tomar en campo,Av. Sesquicentenario 669,(051) 353375,Directorio Cylex Perú
Quinta Restaurant Pura Miski,Campestre / recreo,"Av. Sesquicentenario 1000, Puno, Perú",,,Pendiente — tomar en campo,Av. Sesquicentenario 1000,996 060 668,Directorio Cylex Perú
Restaurant Tradiciones Puneñas,Restaurante,"Av. Simón Bolívar 1216, Puno, Perú",,,Pendiente — tomar en campo,Av. Simón Bolívar 1216,(051) 603819,Directorio Cylex Perú
Restaurante Los Olivos,Menú popular,"Jr. Ayacucho 237, Puno, Perú",,,Pendiente — tomar en campo,Jr. Ayacucho 237,951 560 365,Directorio Cylex Perú
Restaurant Internacional,Restaurante,"Jr. Moquegua 201, Puno, Perú",,,Pendiente — tomar en campo,Jr. Moquegua 201,(051) 364317,Directorio Cylex Perú
El Corralito de Carloncho,Restaurante,"Jr. José Antonio Encinas 120, Puno, Perú",,,Pendiente — tomar en campo,Jr. José Antonio Encinas 120,914 620 013,Directorio Cylex Perú
Chaquena Restaurantes,Restaurante,"-15.8466112, -70.0196520",-15.8466112,-70.0196520,Exacta — OpenStreetMap,Jr. Banchero Rossi 110,929 396 935,Directorio Cylex Perú · Coordenada: © colaboradores de OpenStreetMap (ODbL).
Casa Lunderi,Restaurante,"Jr. Malcomayo 253, Puno, Perú",,,Pendiente — tomar en campo,Jr. Malcomayo 253,988 606 030,Directorio Cylex Perú
Victor y Victoria,Restaurante,"-15.8416547, -70.0266023",-15.8416547,-70.0266023,Exacta — OpenStreetMap,Jr. Arequipa 852,967 548 213,Directorio Cylex Perú · Coordenada: © colaboradores de OpenStreetMap (ODbL).
Casa Grill Puno,Parrilla,"-15.8398240, -70.0263406",-15.8398240,-70.0263406,Exacta — OpenStreetMap,Jr. Moquegua 318,951 757 970,Directorio Cylex Perú; Directorio Wanderlog / Avalos Tours · Coordenada: © colaboradores de OpenStreetMap (ODbL).
Chicharronería La Red,Campestre / recreo,"-15.8385829, -70.0312491",-15.8385829,-70.0312491,Exacta — OpenStreetMap,Jr. Manco Cápac 153,980 678 914,Directorio Cylex Perú · Coordenada: © colaboradores de OpenStreetMap (ODbL).
Chicharronería Sabor Peruano,Broastería / salchipapería,"Jr. Ayacucho 237, Puno, Perú",,,Pendiente — tomar en campo,Jr. Ayacucho 237,958 662 545,Directorio Cylex Perú; Aliado de PideloPuno (pidelopuno.com)
Chifa Cheng Xin,Chifa,"Jr. Moquegua 169, Puno, Perú",,,Pendiente — tomar en campo,Jr. Moquegua 169,979 365 588,Directorio chifasenperu.top; figuraba en Nora Delivery
Chifa Nan Hua (sede Av. La Torre),Chifa,"Av. La Torre 117, Puno, Perú",,,Pendiente — tomar en campo,Av. La Torre 117,(051) 351546,"Directorio chifasenperu.top · OSM tiene dos 'Chifa Nan Hua': -15.8387430, -70.0274319 y -15.8370213, -70.0262874. Confirmar cuál es esta sede. Coordenada: © colaboradores de OpenStreetMap (ODbL)."
Chifa Nan Hua (sede Jr. Arequipa),Chifa,"Jr. Arequipa 378, Puno, Perú",,,Pendiente — tomar en campo,Jr. Arequipa 378,(051) 365070,"Directorio chifasenperu.top; Directorio Cylex Perú · OSM tiene dos 'Chifa Nan Hua': -15.8387430, -70.0274319 y -15.8370213, -70.0262874. Confirmar cuál es esta sede. Coordenada: © colaboradores de OpenStreetMap (ODbL)."
Chifa Mister Dragón,Chifa,"Jr. Tacna 420, Puno, Perú",,,Pendiente — tomar en campo,Jr. Tacna 420,963 300 765 / 982 737 962,Directorio chifasenperu.top; Directorio Cylex Perú; Aliado de PideloPuno (pidelopuno.com)
Chifa Jin Cheng,Chifa,"Jr. Fermín Arbulú 243, Puno, Perú",,,Pendiente — tomar en campo,Jr. Fermín Arbulú 243,923 612 356,Directorio chifasenperu.top
Chifa 4 Dragones (sede Jr. Tacna),Chifa,"Jr. Tacna 324, Puno, Perú",,,Pendiente — tomar en campo,Jr. Tacna 324,984 474 500,Directorio chifasenperu.top; Aliado de PideloPuno (pidelopuno.com)
Chifa Cuatro Dragones (sede Jr. Lima),Chifa,"-15.8386467, -70.0281460",-15.8386467,-70.0281460,Aproximada — interpolada en la calle,Jr. Lima 371,,Directorio chifasenperu.top · Interpolada entre 'Colors Restaurant' (n.° 342) y 'Tulipan's' (n.° 394) en OSM. Error esperado ±50 m. Coordenada: © colaboradores de OpenStreetMap (ODbL).
Chifa Chinito Wok,Chifa,"Av. Simón Bolívar 1050, Puno, Perú",,,Pendiente — tomar en campo,Av. Simón Bolívar 1050,929 723 573,Directorio chifasenperu.top
Chifa Shan Hong Jiu Jia,Chifa,"Jr. Tacna 420, Puno, Perú",,,Pendiente — tomar en campo,Jr. Tacna 420,940 861 573,Directorio chifasenperu.top
Chifa Shanghai,Chifa,"-15.8377336, -70.0264504",-15.8377336,-70.0264504,Exacta — OpenStreetMap,Jr. Fermín Arbulú 173,,Directorio chifasenperu.top · Coordenada: © colaboradores de OpenStreetMap (ODbL).
Chifa (Jr. Fermín Arbulú 239),Chifa,"Jr. Fermín Arbulú 239, Puno, Perú",,,Pendiente — tomar en campo,Jr. Fermín Arbulú 239,,Directorio Cylex Perú — nombre comercial por confirmar
Pollería El Rancho (sede Oquendo),Pollería,"Jr. Oquendo 210, Puno, Perú",,,Pendiente — tomar en campo,Jr. Oquendo 210,947 730 043,"Directorio polleriasenperu.one; Directorio iPerú · OSM tiene varios 'El Rancho': -15.8386145, -70.0264726; -15.8372523, -70.0269804; -15.8466950, -70.0200381. Confirmar cuál es esta sede. Coordenada: © colaboradores de OpenStreetMap (ODbL)."
Pollería El Rancho (segunda sede),Pollería,"3S 1435, Puno, Perú",,,Pendiente — tomar en campo,3S 1435,,"Directorio polleriasenperu.one · OSM tiene varios 'El Rancho': -15.8386145, -70.0264726; -15.8372523, -70.0269804; -15.8466950, -70.0200381. Confirmar cuál es esta sede. Coordenada: © colaboradores de OpenStreetMap (ODbL)."
Pollería El Rico Riko,Pollería,"Av. La Torre 341, Puno, Perú",,,Pendiente — tomar en campo,Av. La Torre 341,(051) 351064,Directorio polleriasenperu.one; Directorio iPerú
Pollería El Parador,Pollería,"Av. El Sol 1270, Puno, Perú",,,Pendiente — tomar en campo,Av. El Sol 1270,968 574 213,Directorio polleriasenperu.one; Directorio iPerú
Parador Chicken,Pollería,"-15.8445074, -70.0206924",-15.8445074,-70.0206924,Exacta — OpenStreetMap,Jr. Oquendo 154,944 005 997,Directorio Cylex Perú · Coordenada: © colaboradores de OpenStreetMap (ODbL).
La Choza de Óscar,Pollería,"-15.8389104, -70.0277505",-15.8389104,-70.0277505,Exacta — OpenStreetMap,Jr. Tumbes 812,(051) 351199,"Directorio Cylex Perú; Directorio iPerú; Aliado de PideloPuno (pidelopuno.com) — iPerú indicaba Jr. Libertad 354: confirmar dirección · Coordenada: © colaboradores de OpenStreetMap (ODbL). OSM la ubica en Jr. Libertad, junto a Balcones de Puno; Cylex indica Jr. Tumbes 812 (puede ser otra sede)."
Pollería El Establo,Pollería,"-15.8394164, -70.0259086",-15.8394164,-70.0259086,Probable — confirmar,Jr. Tacna 398,951 244 871,Directorio Cylex Perú; Directorio polleriasenperu.one · En OSM figura como 'ElS Tablo'. Coordenada: © colaboradores de OpenStreetMap (ODbL).
Pollería El Sabrosón,Pollería,"Av. Simón Bolívar 125, Puno, Perú",,,Pendiente — tomar en campo,Av. Simón Bolívar 125,(051) 621951,Directorio polleriasenperu.one
Pollería Rico Ricón,Pollería,"Av. Simón Bolívar 1009, Puno, Perú",,,Pendiente — tomar en campo,Av. Simón Bolívar 1009,,Directorio polleriasenperu.one; Directorio iPerú
Pollería El Pechugón,Pollería,"Jr. Leoncio Prado 1192, Puno, Perú",,,Pendiente — tomar en campo,Jr. Leoncio Prado 1192,993 937 405,"Directorio polleriasenperu.one · OSM tiene un 'Pechugon' en -15.8392465, -70.0257746 (zona céntrica); no coincide con Jr. Leoncio Prado 1192: podría ser otra sede. Coordenada: © colaboradores de OpenStreetMap (ODbL)."
Pollería Piolín,Pollería,"Av. Circunvalación Sur 1711, Puno, Perú",,,Pendiente — tomar en campo,Av. Circunvalación Sur 1711,,Directorio polleriasenperu.one; Directorio iPerú
Pollería Brasas King,Pollería,"Jr. Ejército 612, Puno, Perú",,,Pendiente — tomar en campo,Jr. Ejército 612,951 235 698,Directorio polleriasenperu.one
Pollería La Gran Estrella,Pollería,"Av. La Torre 457, Puno, Perú",,,Pendiente — tomar en campo,Av. La Torre 457,942 284 128,Directorio Cylex Perú
Uchu Brass Puno,Pollería,"Av. Simón Bolívar 1188, Puno, Perú",,,Pendiente — tomar en campo,Av. Simón Bolívar 1188,915 963 001,Directorio Cylex Perú
Pollería Pollo Gamonal,Pollería,"Av. Sesquicentenario 123, Puno, Perú",,,Pendiente — tomar en campo,Av. Sesquicentenario 123,,Directorio iPerú
Pollería Pinos Brass,Pollería,"-15.8373975, -70.0276098",-15.8373975,-70.0276098,Exacta — OpenStreetMap,Puno,,Reseñado en Tripadvisor · Coordenada: © colaboradores de OpenStreetMap (ODbL).
Cevichería Puerto Grau,Cevichería,"-15.8373310, -70.0229677",-15.8373310,-70.0229677,Exacta — OpenStreetMap,Jr. Melgar 175,(051) 620243,Directorio Cylex Perú · Coordenada: © colaboradores de OpenStreetMap (ODbL).
Bar Cevichería Puerto Eten,Cevichería,"-15.8374139, -70.0285981",-15.8374139,-70.0285981,Exacta — OpenStreetMap,Jr. Santiago Giraldo 140,988 101 105,Directorio Cylex Perú · Coordenada: © colaboradores de OpenStreetMap (ODbL).
Placer Marino Cevichería,Cevichería,"Av. Costanera 102, Puno, Perú",,,Pendiente — tomar en campo,Av. Costanera 102,928 795 975,Directorio Cylex Perú
Cevichería Mordiscos y Mariscos,Cevichería,"Av. El Sol 1049, Puno, Perú",,,Pendiente — tomar en campo,Av. El Sol 1049,977 133 103,Directorio Cylex Perú
Restobar Cevichería Yaniss Puro Norte,Cevichería,"Jr. Deza 728, Puno, Perú",,,Pendiente — tomar en campo,Jr. Deza 728,953 041 081,Directorio Cylex Perú
Remix Pizzería Resto Café Bar,Pizzería,"-15.8412574, -70.0287296",-15.8412574,-70.0287296,Exacta — OpenStreetMap,Jr. Pardo 122 (Plaza de Armas),958 169 450,Directorio Cylex Perú; Aliado de PideloPuno (pidelopuno.com) · Coordenada: © colaboradores de OpenStreetMap (ODbL).
Pizza e Pasta Trattoria,Pizzería,"Jr. José M. Moral 155, Puno, Perú",,,Pendiente — tomar en campo,Jr. José M. Moral 155,980 709 954,Directorio Cylex Perú
Pizzería Madel,Pizzería,"Jr. Lambayeque 123, Puno, Perú",,,Pendiente — tomar en campo,Jr. Lambayeque 123,950 787 314,Directorio Cylex Perú
Del Búho Pizzería,Pizzería,"-15.8387574, -70.0272121",-15.8387574,-70.0272121,Exacta — OpenStreetMap,Jr. Libertad 240,(051) 356223,Directorio Cylex Perú · Coordenada: © colaboradores de OpenStreetMap (ODbL).
Quinua Restaurant Pizzería,Pizzería,"Jr. Lambayeque 127, Puno, Perú",,,Pendiente — tomar en campo,Jr. Lambayeque 127,978 490 033,Directorio Cylex Perú
Kori Pizza,Pizzería,"-15.8445074, -70.0206924",-15.8445074,-70.0206924,Aproximada — misma cuadra que un local conocido,Jr. Oquendo 178,942 234 311,Directorio Cylex Perú · Misma cuadra que 'Parador Chicken' (n.° 154) en OSM. Error esperado ±80 m. Coordenada: © colaboradores de OpenStreetMap (ODbL).
Pizzería Jhutmay,Pizzería,"-15.8388920, -70.0277234",-15.8388920,-70.0277234,Aproximada — interpolada en la calle,Jr. Libertad 334,951 322 905,Directorio Cylex Perú · Interpolada entre 'Pizzeria Buho' (n.° 240) y 'Balcones de Puno' (n.° 354) en OSM. Error esperado ±50 m. Coordenada: © colaboradores de OpenStreetMap (ODbL).
Machupizza,Pizzería,"-15.8402225, -70.0269882",-15.8402225,-70.0269882,Exacta — OpenStreetMap,Centro de Puno,,Directorio Wanderlog / Avalos Tours · Coordenada: © colaboradores de OpenStreetMap (ODbL).
Sr. Pizza,Pizzería,"-15.8535150, -70.0150571",-15.8535150,-70.0150571,Probable — confirmar,Puno,,Aliado de PideloPuno (pidelopuno.com) · En OSM figura 'Mister Pizza's'; confirmar que sea el mismo local. Coordenada: © colaboradores de OpenStreetMap (ODbL).
Incabar,Cafetería,"-15.8405619, -70.0275433",-15.8405619,-70.0275433,Exacta — OpenStreetMap,Jr. Lima 661,(051) 368031,"Directorio Cylex Perú; Directorio Wanderlog / Avalos Tours · Coordenada: © colaboradores de OpenStreetMap (ODbL). OSM tiene otro punto 'Incabar' en -15.8385740, -70.0281120; se usó 'Incabar Salon' por coincidir con Jr. Lima 661."
RUPHA Café,Cafetería,"-15.8398240, -70.0263406",-15.8398240,-70.0263406,Aproximada — misma cuadra que un local conocido,Jr. Moquegua 338,(051) 354179,Directorio Cylex Perú; Directorio Wanderlog / Avalos Tours · Misma cuadra que 'Casa Grill' (n.° 318) en OSM. Error esperado ±80 m. Coordenada: © colaboradores de OpenStreetMap (ODbL).
Café Bar Casa del Corregidor,Cafetería,"Jr. Deustua 576, Puno, Perú",,,Pendiente — tomar en campo,Jr. Deustua 576,950 015 551,Directorio Cylex Perú; Directorio Wanderlog / Avalos Tours
Café 360,Cafetería,"Jr. Lambayeque 178, Puno, Perú",,,Pendiente — tomar en campo,Jr. Lambayeque 178,954 786 834,Directorio Cylex Perú
Ricos Pan,Panadería / pastelería,"-15.8398240, -70.0263406",-15.8398240,-70.0263406,Aproximada — misma cuadra que un local conocido,Jr. Moquegua 326,(051) 354179,Directorio Cylex Perú — comparte teléfono con RUPHA: confirmar · Misma cuadra que 'Casa Grill' (n.° 318) en OSM. Error esperado ±80 m. Coordenada: © colaboradores de OpenStreetMap (ODbL).
Cafetería Arroyo,Cafetería,"Jr. Independencia 151, Puno, Perú",,,Pendiente — tomar en campo,Jr. Independencia 151,916 944 767,Directorio Cylex Perú
Cafetería Panqarani,Cafetería,"Jr. Arequipa 1086, Puno, Perú",,,Pendiente — tomar en campo,Jr. Arequipa 1086,951 679 654,Directorio Cylex Perú
Sumaq Caffé,Cafetería,"Jr. Alfonso Ugarte 166, Puno, Perú",,,Pendiente — tomar en campo,Jr. Alfonso Ugarte 166,933 242 449,Directorio Cylex Perú
KILLA Coffee Bar,Cafetería,"Jr. Arequipa 351, Puno, Perú",,,Pendiente — tomar en campo,Jr. Arequipa 351,976 227 909,Directorio Cylex Perú
Malegría Snack,Broastería / salchipapería,"Av. Laykakota 104, Puno, Perú",,,Pendiente — tomar en campo,Av. Laykakota 104,964 876 677,Directorio Cylex Perú
Rock & Dogs,Broastería / salchipapería,"Jr. Lima 859, Puno, Perú",,,Pendiente — tomar en campo,Jr. Lima 859,951 929 383,Directorio Cylex Perú
El Retorno Restobar,Restaurante,"Jr. Tacna 255, Puno, Perú",,,Pendiente — tomar en campo,Jr. Tacna 255,975 200 200,Directorio Cylex Perú
MALI Lounge,Restaurante,"Jr. Cajamarca 800, Puno, Perú",,,Pendiente — tomar en campo,Jr. Cajamarca 800,913 548 558,Directorio Cylex Perú
Páramo Nocturno,Restaurante,"-15.8416547, -70.0266023",-15.8416547,-70.0266023,Aproximada — misma cuadra que un local conocido,Jr. Arequipa 827,958 481 210,Directorio Cylex Perú · Misma cuadra que 'Víctor & Victoria' (n.° 852) en OSM. Error esperado ±80 m. Coordenada: © colaboradores de OpenStreetMap (ODbL).
Sushi Ten Bento,Japonés / fusión,"-15.8420245, -70.0284314",-15.8420245,-70.0284314,Exacta — OpenStreetMap,Jr. Ancash 239,970 467 603,Directorio Cylex Perú; Directorio Wanderlog / Avalos Tours · Coordenada: © colaboradores de OpenStreetMap (ODbL).
AriGato,Japonés / fusión,"Pje. San Carlos 159, Puno, Perú",,,Pendiente — tomar en campo,Pje. San Carlos 159,974 571 759,Directorio Cylex Perú
Loving Hut Puno,Vegetariano / vegano,"-15.8386982, -70.0248117",-15.8386982,-70.0248117,Exacta — OpenStreetMap,Jr. Choque Huanca 188,(051) 353523,Directorio Cylex Perú; Directorio Wanderlog / Avalos Tours · Coordenada: © colaboradores de OpenStreetMap (ODbL).
Mercado Central de Puno,Puesto de mercado,"Jr. Oquendo / Jr. Arequipa, Puno, Perú",,,Pendiente — tomar en campo,Jr. Oquendo / Jr. Arequipa,,PUNTO DE LEVANTAMIENTO — censar puesto por puesto
Mercado Bellavista,Puesto de mercado,"-15.8334622, -70.0234387",-15.8334622,-70.0234387,Exacta — OpenStreetMap,Barrio Bellavista,,PUNTO DE LEVANTAMIENTO — censar puesto por puesto · Coordenada: © colaboradores de OpenStreetMap (ODbL). Punto del mercado en OSM.
Mercado Laykakota,Puesto de mercado,"Zona Laykakota, Puno, Perú",,,Pendiente — tomar en campo,Zona Laykakota,,PUNTO DE LEVANTAMIENTO — zona de menús de S/ 8 a S/ 10
Carretillas Plaza de Armas / Jr. Lima,Carretilla / ambulante,"Perímetro de la Plaza de Armas, Puno, Perú",,,Pendiente — tomar en campo,Perímetro de la Plaza de Armas,,PUNTO DE LEVANTAMIENTO — censar de 05:00 a 09:00
Carretillas Mercado Central,Carretilla / ambulante,"Alrededor del Mercado Central, Puno, Perú",,,Pendiente — tomar en campo,Alrededor del Mercado Central,,PUNTO DE LEVANTAMIENTO — censar de madrugada
Carretillas Terminal Terrestre,Carretilla / ambulante,"Terminal Terrestre de Puno, Puno, Perú",,,Pendiente — tomar en campo,Terminal Terrestre de Puno,,PUNTO DE LEVANTAMIENTO
Cebichería Restaurant El Pulpo Loco,Cevichería,"Jr. Moquegua 575, Puno, Perú",,,Pendiente — tomar en campo,Jr. Moquegua 575,,Directorio infoisinfo
Restaurant Fina Estampa,Restaurante,"Jr. Puno 262, Puno, Perú",,,Pendiente — tomar en campo,Jr. Puno 262,,Directorio infoisinfo
Pollos El Rancho (sede Jr. Moquegua),Pollería,"Jr. Moquegua 169, Puno, Perú",,,Pendiente — tomar en campo,Jr. Moquegua 169,,"Directorio infoisinfo — misma dirección que figura para Chifa Cheng Xin: confirmar · OSM tiene varios 'El Rancho': -15.8386145, -70.0264726; -15.8372523, -70.0269804; -15.8466950, -70.0200381. Confirmar cuál es esta sede. Coordenada: © colaboradores de OpenStreetMap (ODbL)."
Restaurante la Villa,Restaurante,"-15.8580313, -70.0127428",-15.8580313,-70.0127428,Exacta — OpenStreetMap,,,OpenStreetMap — local registrado en el mapa; faltan dirección y teléfono. Coordenada: © colaboradores de OpenStreetMap (ODbL).
Sabor Criollo,Restaurante,"-15.8406144, -70.0273580",-15.8406144,-70.0273580,Exacta — OpenStreetMap,,,OpenStreetMap — local registrado en el mapa; faltan dirección y teléfono. Coordenada: © colaboradores de OpenStreetMap (ODbL).
Sunrise,Restaurante,"-15.8381785, -70.0275309",-15.8381785,-70.0275309,Exacta — OpenStreetMap,,,OpenStreetMap — local registrado en el mapa; faltan dirección y teléfono. Coordenada: © colaboradores de OpenStreetMap (ODbL).
Candelas,Restaurante,"-15.8380968, -70.0276763",-15.8380968,-70.0276763,Exacta — OpenStreetMap,,,OpenStreetMap — local registrado en el mapa; faltan dirección y teléfono. Coordenada: © colaboradores de OpenStreetMap (ODbL).
Atajo,Restaurante,"-15.8384111, -70.0280757",-15.8384111,-70.0280757,Exacta — OpenStreetMap,,,OpenStreetMap — local registrado en el mapa; faltan dirección y teléfono. Coordenada: © colaboradores de OpenStreetMap (ODbL).
La Hacienda,Restaurante,"-15.8397422, -70.0278042",-15.8397422,-70.0278042,Exacta — OpenStreetMap,,,OpenStreetMap — local registrado en el mapa; faltan dirección y teléfono. Coordenada: © colaboradores de OpenStreetMap (ODbL).
Buen Sabor,Restaurante,"-15.8381369, -70.0270275",-15.8381369,-70.0270275,Exacta — OpenStreetMap,,,OpenStreetMap — local registrado en el mapa; faltan dirección y teléfono. Coordenada: © colaboradores de OpenStreetMap (ODbL).
Cevicheria Mareas,Cevichería,"-15.8414643, -70.0276535",-15.8414643,-70.0276535,Exacta — OpenStreetMap,,,OpenStreetMap — local registrado en el mapa; faltan dirección y teléfono. Coordenada: © colaboradores de OpenStreetMap (ODbL).
Chifan,Chifa,"-15.8396043, -70.0257815",-15.8396043,-70.0257815,Exacta — OpenStreetMap,,,OpenStreetMap — local registrado en el mapa; faltan dirección y teléfono. Coordenada: © colaboradores de OpenStreetMap (ODbL).
Cevicheria Rico Norte,Cevichería,"-15.8311026, -70.0210602",-15.8311026,-70.0210602,Exacta — OpenStreetMap,,,OpenStreetMap — local registrado en el mapa; faltan dirección y teléfono. Coordenada: © colaboradores de OpenStreetMap (ODbL).
La Cabaña,Restaurante,"-15.8380893, -70.0260212",-15.8380893,-70.0260212,Exacta — OpenStreetMap,,,OpenStreetMap — local registrado en el mapa; faltan dirección y teléfono. Coordenada: © colaboradores de OpenStreetMap (ODbL).
Cafe Restaurant Chullpas,Restaurante,"-15.8382536, -70.0260752",-15.8382536,-70.0260752,Exacta — OpenStreetMap,,,OpenStreetMap — local registrado en el mapa; faltan dirección y teléfono. Coordenada: © colaboradores de OpenStreetMap (ODbL).
Sabores Peruanos,Restaurante,"-15.8452633, -70.0242160",-15.8452633,-70.0242160,Exacta — OpenStreetMap,,,OpenStreetMap — local registrado en el mapa; faltan dirección y teléfono. Coordenada: © colaboradores de OpenStreetMap (ODbL).
Pizza Andina,Pizzería,"-15.8397900, -70.0277871",-15.8397900,-70.0277871,Exacta — OpenStreetMap,,,OpenStreetMap — local registrado en el mapa; faltan dirección y teléfono. Coordenada: © colaboradores de OpenStreetMap (ODbL).
Palitos,Restaurante,"-15.8372194, -70.0259075",-15.8372194,-70.0259075,Exacta — OpenStreetMap,,,OpenStreetMap — local registrado en el mapa; faltan dirección y teléfono. Coordenada: © colaboradores de OpenStreetMap (ODbL).
Karol's,Restaurante,"-15.8365757, -70.0264889",-15.8365757,-70.0264889,Exacta — OpenStreetMap,,,OpenStreetMap — local registrado en el mapa; faltan dirección y teléfono. Coordenada: © colaboradores de OpenStreetMap (ODbL).
Viko,Restaurante,"-15.8384561, -70.0303115",-15.8384561,-70.0303115,Exacta — OpenStreetMap,,,OpenStreetMap — local registrado en el mapa; faltan dirección y teléfono. Coordenada: © colaboradores de OpenStreetMap (ODbL).
Snoopy,Restaurante,"-15.8400614, -70.0261671",-15.8400614,-70.0261671,Exacta — OpenStreetMap,,,OpenStreetMap — local registrado en el mapa; faltan dirección y teléfono. Coordenada: © colaboradores de OpenStreetMap (ODbL).
Remembranzas,Restaurante,"-15.8388467, -70.0268579",-15.8388467,-70.0268579,Exacta — OpenStreetMap,,,OpenStreetMap — local registrado en el mapa; faltan dirección y teléfono. Coordenada: © colaboradores de OpenStreetMap (ODbL).
Restaurant El Caribe,Restaurante,"-15.8369373, -70.0269978",-15.8369373,-70.0269978,Exacta — OpenStreetMap,,,OpenStreetMap — local registrado en el mapa; faltan dirección y teléfono. Coordenada: © colaboradores de OpenStreetMap (ODbL).
Huajsapata,Restaurante,"-15.8372516, -70.0279598",-15.8372516,-70.0279598,Exacta — OpenStreetMap,,,OpenStreetMap — local registrado en el mapa; faltan dirección y teléfono. Coordenada: © colaboradores de OpenStreetMap (ODbL).
Ivan's,Restaurante,"-15.8375098, -70.0290607",-15.8375098,-70.0290607,Exacta — OpenStreetMap,,,OpenStreetMap — local registrado en el mapa; faltan dirección y teléfono. Coordenada: © colaboradores de OpenStreetMap (ODbL).
Tacos Mexicanos,Restaurante,"-15.8371523, -70.0285457",-15.8371523,-70.0285457,Exacta — OpenStreetMap,,,OpenStreetMap — local registrado en el mapa; faltan dirección y teléfono. Coordenada: © colaboradores de OpenStreetMap (ODbL).
Kollasuyo,Restaurante,"-15.8390023, -70.0267913",-15.8390023,-70.0267913,Exacta — OpenStreetMap,,,OpenStreetMap — local registrado en el mapa; faltan dirección y teléfono. Coordenada: © colaboradores de OpenStreetMap (ODbL).
Aqui me Quedo,Restaurante,"-15.8370387, -70.0269573",-15.8370387,-70.0269573,Exacta — OpenStreetMap,,,OpenStreetMap — local registrado en el mapa; faltan dirección y teléfono. Coordenada: © colaboradores de OpenStreetMap (ODbL).
Virgen del Carmen,Restaurante,"-15.8365898, -70.0276979",-15.8365898,-70.0276979,Exacta — OpenStreetMap,,,OpenStreetMap — local registrado en el mapa; faltan dirección y teléfono. Coordenada: © colaboradores de OpenStreetMap (ODbL).
Exotica,Restaurante,"-15.8369939, -70.0285504",-15.8369939,-70.0285504,Exacta — OpenStreetMap,,,OpenStreetMap — local registrado en el mapa; faltan dirección y teléfono. Coordenada: © colaboradores de OpenStreetMap (ODbL).
La Cayma,Restaurante,"-15.8387202, -70.0270478",-15.8387202,-70.0270478,Exacta — OpenStreetMap,,,OpenStreetMap — local registrado en el mapa; faltan dirección y teléfono. Coordenada: © colaboradores de OpenStreetMap (ODbL).
Pacifico,Restaurante,"-15.8472396, -70.0156702",-15.8472396,-70.0156702,Exacta — OpenStreetMap,,,OpenStreetMap — local registrado en el mapa; faltan dirección y teléfono. Coordenada: © colaboradores de OpenStreetMap (ODbL).
El Almanecer II,Restaurante,"-15.8382013, -70.0220742",-15.8382013,-70.0220742,Exacta — OpenStreetMap,,,OpenStreetMap — local registrado en el mapa; faltan dirección y teléfono. Coordenada: © colaboradores de OpenStreetMap (ODbL).
Apage,Restaurante,"-15.8383334, -70.0286030",-15.8383334,-70.0286030,Exacta — OpenStreetMap,,,OpenStreetMap — local registrado en el mapa; faltan dirección y teléfono. Coordenada: © colaboradores de OpenStreetMap (ODbL).
La Wallatita,Restaurante,"-15.8386423, -70.0259809",-15.8386423,-70.0259809,Exacta — OpenStreetMap,,,OpenStreetMap — local registrado en el mapa; faltan dirección y teléfono. Coordenada: © colaboradores de OpenStreetMap (ODbL).
Chiuchi Polleria,Pollería,"-15.8345808, -70.0273467",-15.8345808,-70.0273467,Exacta — OpenStreetMap,,,OpenStreetMap — local registrado en el mapa; faltan dirección y teléfono. Coordenada: © colaboradores de OpenStreetMap (ODbL).
Adobo Arequipeño,Restaurante,"-15.8406525, -70.0298345",-15.8406525,-70.0298345,Exacta — OpenStreetMap,,,OpenStreetMap — local registrado en el mapa; faltan dirección y teléfono. Coordenada: © colaboradores de OpenStreetMap (ODbL).
Quinta Playa Azul,Campestre / recreo,"-15.8233445, -70.0017506",-15.8233445,-70.0017506,Exacta — OpenStreetMap,,,OpenStreetMap — local registrado en el mapa; faltan dirección y teléfono. Coordenada: © colaboradores de OpenStreetMap (ODbL).
Quni Wasi,Restaurante,"-15.8411597, -70.0274413",-15.8411597,-70.0274413,Exacta — OpenStreetMap,,,OpenStreetMap — local registrado en el mapa; faltan dirección y teléfono. Coordenada: © colaboradores de OpenStreetMap (ODbL).
Pizzeria Quechuas,Pizzería,"-15.8348942, -70.0289870",-15.8348942,-70.0289870,Exacta — OpenStreetMap,,,OpenStreetMap — local registrado en el mapa; faltan dirección y teléfono. Coordenada: © colaboradores de OpenStreetMap (ODbL).
Paque Mas,Restaurante,"-15.8347389, -70.0288927",-15.8347389,-70.0288927,Exacta — OpenStreetMap,,,OpenStreetMap — local registrado en el mapa; faltan dirección y teléfono. Coordenada: © colaboradores de OpenStreetMap (ODbL).
Tamys,Restaurante,"-15.8405665, -70.0260211",-15.8405665,-70.0260211,Exacta — OpenStreetMap,,,OpenStreetMap — local registrado en el mapa; faltan dirección y teléfono. Coordenada: © colaboradores de OpenStreetMap (ODbL).
La Huerta,Restaurante,"-15.8398740, -70.0255735",-15.8398740,-70.0255735,Exacta — OpenStreetMap,,,OpenStreetMap — local registrado en el mapa; faltan dirección y teléfono. Coordenada: © colaboradores de OpenStreetMap (ODbL).
Urban,Restaurante,"-15.8401692, -70.0275591",-15.8401692,-70.0275591,Exacta — OpenStreetMap,,,OpenStreetMap — local registrado en el mapa; faltan dirección y teléfono. Coordenada: © colaboradores de OpenStreetMap (ODbL).
Tommi's,Restaurante,"-15.8398046, -70.0255992",-15.8398046,-70.0255992,Exacta — OpenStreetMap,,,OpenStreetMap — local registrado en el mapa; faltan dirección y teléfono. Coordenada: © colaboradores de OpenStreetMap (ODbL).
Big Chicken (1),Pollería,"-15.8401832, -70.0258729",-15.8401832,-70.0258729,Exacta — OpenStreetMap,,,OpenStreetMap — local registrado en el mapa; faltan dirección y teléfono. Coordenada: © colaboradores de OpenStreetMap (ODbL).
Ukuku's Restaurant Pizzeria,Pizzería,"-15.8395670, -70.0276334",-15.8395670,-70.0276334,Exacta — OpenStreetMap,,,OpenStreetMap — local registrado en el mapa; faltan dirección y teléfono. Coordenada: © colaboradores de OpenStreetMap (ODbL).
Wayki's,Restaurante,"-15.8411567, -70.0285034",-15.8411567,-70.0285034,Exacta — OpenStreetMap,,,OpenStreetMap — local registrado en el mapa; faltan dirección y teléfono. Coordenada: © colaboradores de OpenStreetMap (ODbL).
Wiñay Titi,Restaurante,"-15.8441189, -70.0278850",-15.8441189,-70.0278850,Exacta — OpenStreetMap,,,OpenStreetMap — local registrado en el mapa; faltan dirección y teléfono. Coordenada: © colaboradores de OpenStreetMap (ODbL).
Pizzería Las Tejitas,Pizzería,"-15.8478970, -70.0204136",-15.8478970,-70.0204136,Exacta — OpenStreetMap,,,OpenStreetMap — local registrado en el mapa; faltan dirección y teléfono. Coordenada: © colaboradores de OpenStreetMap (ODbL).
Polleria Magda's,Pollería,"-15.8448499, -70.0220692",-15.8448499,-70.0220692,Exacta — OpenStreetMap,,,OpenStreetMap — local registrado en el mapa; faltan dirección y teléfono. Coordenada: © colaboradores de OpenStreetMap (ODbL).
Natur Center,Restaurante,"-15.8448295, -70.0225237",-15.8448295,-70.0225237,Exacta — OpenStreetMap,,,OpenStreetMap — local registrado en el mapa; faltan dirección y teléfono. Coordenada: © colaboradores de OpenStreetMap (ODbL).
Restaurante Criollo El Chef Linguini,Restaurante,"-15.8456713, -70.0209026",-15.8456713,-70.0209026,Exacta — OpenStreetMap,,,OpenStreetMap — local registrado en el mapa; faltan dirección y teléfono. Coordenada: © colaboradores de OpenStreetMap (ODbL).
La Receta,Restaurante,"-15.8405234, -70.0275755",-15.8405234,-70.0275755,Exacta — OpenStreetMap,,,OpenStreetMap — local registrado en el mapa; faltan dirección y teléfono. Coordenada: © colaboradores de OpenStreetMap (ODbL).
Pushka,Restaurante,"-15.8398102, -70.0288065",-15.8398102,-70.0288065,Exacta — OpenStreetMap,,,OpenStreetMap — local registrado en el mapa; faltan dirección y teléfono. Coordenada: © colaboradores de OpenStreetMap (ODbL).
Delicar,Restaurante,"-15.8364301, -70.0232650",-15.8364301,-70.0232650,Exacta — OpenStreetMap,,,OpenStreetMap — local registrado en el mapa; faltan dirección y teléfono. Coordenada: © colaboradores de OpenStreetMap (ODbL).
Pollos Brass,Pollería,"-15.8345446, -70.0234719",-15.8345446,-70.0234719,Exacta — OpenStreetMap,,,OpenStreetMap — local registrado en el mapa; faltan dirección y teléfono. Coordenada: © colaboradores de OpenStreetMap (ODbL).
Restaurant don Juanito,Restaurante,"-15.8360426, -70.0234327",-15.8360426,-70.0234327,Exacta — OpenStreetMap,,,OpenStreetMap — local registrado en el mapa; faltan dirección y teléfono. Coordenada: © colaboradores de OpenStreetMap (ODbL).
El Vecino,Restaurante,"-15.8365625, -70.0233963",-15.8365625,-70.0233963,Exacta — OpenStreetMap,,,OpenStreetMap — local registrado en el mapa; faltan dirección y teléfono. Coordenada: © colaboradores de OpenStreetMap (ODbL).
Polleria Haytazo,Pollería,"-15.8365607, -70.0232283",-15.8365607,-70.0232283,Exacta — OpenStreetMap,,,OpenStreetMap — local registrado en el mapa; faltan dirección y teléfono. Coordenada: © colaboradores de OpenStreetMap (ODbL).
el tumi pizzeria,Pizzería,"-15.8389530, -70.0279696",-15.8389530,-70.0279696,Exacta — OpenStreetMap,,,OpenStreetMap — local registrado en el mapa; faltan dirección y teléfono. Coordenada: © colaboradores de OpenStreetMap (ODbL).
Copacabana Chicken,Pollería,"-15.8367245, -70.0249056",-15.8367245,-70.0249056,Exacta — OpenStreetMap,,,OpenStreetMap — local registrado en el mapa; faltan dirección y teléfono. Coordenada: © colaboradores de OpenStreetMap (ODbL).
Crepecita 3812,Cafetería,"-15.8370014, -70.0278671",-15.8370014,-70.0278671,Exacta — OpenStreetMap,,,OpenStreetMap — local registrado en el mapa; faltan dirección y teléfono. Coordenada: © colaboradores de OpenStreetMap (ODbL).
Manos pureñas,Restaurante,"-15.8389150, -70.0267815",-15.8389150,-70.0267815,Exacta — OpenStreetMap,,,OpenStreetMap — local registrado en el mapa; faltan dirección y teléfono. Coordenada: © colaboradores de OpenStreetMap (ODbL).
Sumac,Restaurante,"-15.8384605, -70.0299091",-15.8384605,-70.0299091,Exacta — OpenStreetMap,,,OpenStreetMap — local registrado en el mapa; faltan dirección y teléfono. Coordenada: © colaboradores de OpenStreetMap (ODbL).
Gringatos,Restaurante,"-15.8385016, -70.0294694",-15.8385016,-70.0294694,Exacta — OpenStreetMap,,,OpenStreetMap — local registrado en el mapa; faltan dirección y teléfono. Coordenada: © colaboradores de OpenStreetMap (ODbL).
La Cascada,Restaurante,"-15.8386144, -70.0263583",-15.8386144,-70.0263583,Exacta — OpenStreetMap,,,OpenStreetMap — local registrado en el mapa; faltan dirección y teléfono. Coordenada: © colaboradores de OpenStreetMap (ODbL).
Casa del Sabor - Bunker,Restaurante,"-15.8311053, -70.0210662",-15.8311053,-70.0210662,Exacta — OpenStreetMap,,,OpenStreetMap — local registrado en el mapa; faltan dirección y teléfono. Coordenada: © colaboradores de OpenStreetMap (ODbL).
Bianca Pizza,Pizzería,"-15.8401328, -70.0274721",-15.8401328,-70.0274721,Exacta — OpenStreetMap,,,OpenStreetMap — local registrado en el mapa; faltan dirección y teléfono. Coordenada: © colaboradores de OpenStreetMap (ODbL).
kankacho ayavireño,Restaurante,"-15.8386177, -70.0259898",-15.8386177,-70.0259898,Exacta — OpenStreetMap,,,OpenStreetMap — local registrado en el mapa; faltan dirección y teléfono. Coordenada: © colaboradores de OpenStreetMap (ODbL).
Restaurante Campestre Virgencita De Cancharani,Campestre / recreo,"-15.8703419, -70.0225335",-15.8703419,-70.0225335,Exacta — OpenStreetMap,,,OpenStreetMap — local registrado en el mapa; faltan dirección y teléfono. Coordenada: © colaboradores de OpenStreetMap (ODbL).
Restaurant Virgencita de Copacabana,Restaurante,"-15.8231247, -70.0202555",-15.8231247,-70.0202555,Exacta — OpenStreetMap,,,OpenStreetMap — local registrado en el mapa; faltan dirección y teléfono. Coordenada: © colaboradores de OpenStreetMap (ODbL).
El Juzgado Restobar,Restaurante,"-15.8428939, -70.0276098",-15.8428939,-70.0276098,Exacta — OpenStreetMap,,,OpenStreetMap — local registrado en el mapa; faltan dirección y teléfono. Coordenada: © colaboradores de OpenStreetMap (ODbL).
Polleria & Restaurant Kusillos Brass,Pollería,"-15.8464315, -70.0267245",-15.8464315,-70.0267245,Exacta — OpenStreetMap,,,OpenStreetMap — local registrado en el mapa; faltan dirección y teléfono. Coordenada: © colaboradores de OpenStreetMap (ODbL).
Restaurant Magdalena,Restaurante,"-15.8432841, -70.0275794",-15.8432841,-70.0275794,Exacta — OpenStreetMap,,,OpenStreetMap — local registrado en el mapa; faltan dirección y teléfono. Coordenada: © colaboradores de OpenStreetMap (ODbL).
Big Chicken (2),Pollería,"-15.8405626, -70.0268615",-15.8405626,-70.0268615,Exacta — OpenStreetMap,,,OpenStreetMap — local registrado en el mapa; faltan dirección y teléfono. Coordenada: © colaboradores de OpenStreetMap (ODbL).
Chifa Criollo Yoyad,Chifa,"-15.8462701, -70.0220476",-15.8462701,-70.0220476,Exacta — OpenStreetMap,,,OpenStreetMap — local registrado en el mapa; faltan dirección y teléfono. Coordenada: © colaboradores de OpenStreetMap (ODbL).
Pizzeria Fabio's,Pizzería,"-15.8399840, -70.0273276",-15.8399840,-70.0273276,Exacta — OpenStreetMap,,,OpenStreetMap — local registrado en el mapa; faltan dirección y teléfono. Coordenada: © colaboradores de OpenStreetMap (ODbL).
Restaurant Mama Yeya,Restaurante,"-15.8382318, -70.0285815",-15.8382318,-70.0285815,Exacta — OpenStreetMap,,,OpenStreetMap — local registrado en el mapa; faltan dirección y teléfono. Coordenada: © colaboradores de OpenStreetMap (ODbL).
Toscana Café & Restaurant,Restaurante,"-15.8395239, -70.0265550",-15.8395239,-70.0265550,Exacta — OpenStreetMap,,,OpenStreetMap — local registrado en el mapa; faltan dirección y teléfono. Coordenada: © colaboradores de OpenStreetMap (ODbL).
Restaurant Comida Criolla,Restaurante,"-15.8400733, -70.0275146",-15.8400733,-70.0275146,Exacta — OpenStreetMap,,,OpenStreetMap — local registrado en el mapa; faltan dirección y teléfono. Coordenada: © colaboradores de OpenStreetMap (ODbL).
Tipika's Pizzas y Drinks,Pizzería,"-15.8385805, -70.0261259",-15.8385805,-70.0261259,Exacta — OpenStreetMap,,,OpenStreetMap — local registrado en el mapa; faltan dirección y teléfono. Coordenada: © colaboradores de OpenStreetMap (ODbL).
El Brindis,Restaurante,"-15.8305833, -70.0186221",-15.8305833,-70.0186221,Exacta — OpenStreetMap,,,OpenStreetMap — local registrado en el mapa; faltan dirección y teléfono. Coordenada: © colaboradores de OpenStreetMap (ODbL).
La Catedral,Restaurante,"-15.8394425, -70.0276212",-15.8394425,-70.0276212,Exacta — OpenStreetMap,,,OpenStreetMap — local registrado en el mapa; faltan dirección y teléfono. Coordenada: © colaboradores de OpenStreetMap (ODbL).
La Karpa,Restaurante,"-15.8361493, -70.0233894",-15.8361493,-70.0233894,Exacta — OpenStreetMap,,,OpenStreetMap — local registrado en el mapa; faltan dirección y teléfono. Coordenada: © colaboradores de OpenStreetMap (ODbL).
